{"loss": [0.5099896128624227, 0.42181663156636173, 0.39930413487814703, 0.3880954923226394, 0.3799859386196309, 0.3738883099887306, 0.36776519749099756, 0.3641608274595255, 0.36036046448070835, 0.3576650727551509, 0.35360769013623816, 0.35038966498706275, 0.3490850735467006, 0.3474544564942939, 0.34279828129218065, 0.3412381598776561, 0.3387187135003485, 0.33985439402099105, 0.3360508528630899, 0.332926278973274, 0.33364535728610173, 0.3318390945743578, 0.3299629968278718, 0.32990289738351125, 0.32811293780263456, 0.3276118420492126, 0.32734056555432495, 0.32552746149888573, 0.32470390290652157, 0.3240879531443299, 0.3243126408211054, 0.3224363596687864, 0.3216165806141505, 0.3201987572757139, 0.3196764821552438, 0.31792545125023475, 0.3160992890056166, 0.31797862719192965, 0.31628572873298494, 0.3172091271311855, 0.31484424140518164, 0.31461845405872496, 0.3157033897778779, 0.3146510143564547, 0.31288338045159136, 0.31390167336089375, 0.3128124198614651, 0.3116450345768309, 0.31138161279463694, 0.3097437209143019, 0.31031277802775636, 0.3091525251321562, 0.30875869500493, 0.3092137635474479, 0.3078858272546728, 0.30697782549253044, 0.30899846369226175, 0.306522521727755, 0.30714013128122175, 0.3060258869588195, 0.3053087390441549, 0.3062602321186815, 0.3049210525171274, 0.3047407085351713, 0.30351909855521336, 0.3034016512491912, 0.3033186389960551, 0.30244651477322476, 0.30244763924816226, 0.30113315852387074, 0.30256933982278644, 0.3022371002464496, 0.3008752135261668, 0.30082753323176115, 0.3001980007685203, 0.30066287152896837, 0.30032193210549946, 0.29979295051710125, 0.2989909048797141, 0.30043296380885776, 0.3007954654376672, 0.29938830300220187, 0.29909367584750013, 0.29835088740122645, 0.29775059317714136, 0.29675131320413145, 0.29729609556068465, 0.29775826128768057, 0.2963058673903301, 0.29646269445873097, 0.29786820002913117, 0.29780301973898965, 0.2967789910531116, 0.297310439121327, 0.2949172291240663, 0.2973266712578402, 0.29611764380038685, 0.29516175060653976, 0.2956566586415213, 0.29624639564050287], "val_loss": [0.6053642630577087, 0.7102946639060974, 1.7456326484680176, 0.7949029803276062, 0.5093833208084106, 1.0937837362289429, 0.5853972434997559, 0.6107900738716125, 0.8682231307029724, 0.49271902441978455, 1.0877832174301147, 0.5709466338157654, 6.9878973960876465, 2.8472440242767334, 0.734912633895874, 0.7273567914962769, 2.7998433113098145, 0.5150732398033142, 0.5755478143692017, 1.3296489715576172, 2.1652190685272217, 0.8109752535820007, 1.736916422843933, 2.995760440826416, 0.5565176010131836, 0.5062646269798279, 1.181934118270874, 4.197941303253174, 0.6843506097793579, 0.8172804713249207, 1.4833667278289795, 0.5381596088409424, 1.095088005065918, 1.0187455415725708, 1.8641818761825562, 2.148705244064331, 0.7465422749519348, 0.9168014526367188, 0.6033243536949158, 1.3946949243545532, 0.6966835260391235, 0.6129308342933655, 0.4865100681781769, 0.5870556235313416, 1.5086003541946411, 0.47576358914375305, 0.6298817992210388, 1.2499873638153076, 0.5884833335876465, 0.529157280921936, 0.7640345096588135, 0.5368531346321106, 0.6301196217536926, 2.2275607585906982, 0.7376190423965454, 0.9261975288391113, 0.662278950214386, 1.0039244890213013, 2.1554582118988037, 0.5482929944992065, 1.1259942054748535, 0.4892638325691223, 1.1178439855575562, 0.4466315507888794, 0.5492357611656189, 0.46212834119796753, 0.518986165523529, 0.4454134702682495, 0.7161407470703125, 0.38159671425819397, 1.0697681903839111, 0.7815360426902771, 0.6750243306159973, 0.6241612434387207, 0.446397066116333, 0.4280850291252136, 0.7327613234519958, 0.5537356734275818, 0.6117057800292969, 0.6483991146087646, 0.7814316153526306, 0.7578607797622681, 0.4560805559158325, 0.6028616428375244, 1.9134849309921265, 0.7214665412902832, 0.4840097427368164, 0.48741570115089417, 0.43211203813552856, 0.5819153785705566, 1.061198353767395, 0.4045998156070709, 0.9074378609657288, 0.6882510185241699, 0.6773549914360046, 0.5913206934928894, 1.2597757577896118, 0.6218046545982361, 0.5575144290924072, 0.6346156001091003], "acc": [0.7471435668156979, 0.7970927069287725, 0.8062474865753554, 0.8120076644666808, 0.8150829134435692, 0.8193054668464504, 0.8218366333120432, 0.8240484469992667, 0.8267333759137038, 0.8283537955669104, 0.8296548624417477, 0.8317602252028482, 0.8322806519527831, 0.8335462351855795, 0.836455893832943, 0.8370591157476404, 0.8388332978496913, 0.8387741584462896, 0.8412698412698413, 0.8414354315993661, 0.8408913490880704, 0.8421924159629077, 0.8429375724457692, 0.8433278925082204, 0.8436827289286306, 0.8436235895252289, 0.8428547772810068, 0.8443450902467295, 0.8461429281101412, 0.8459891656612968, 0.8460009935419771, 0.8465569039339531, 0.8475386180304213, 0.8477396920019871, 0.8491472098029476, 0.8492654886097509, 0.8498095711210465, 0.8490762425188655, 0.8495020462233577, 0.8498213990017268, 0.8510751543538428, 0.850034300853973, 0.8506730064107113, 0.8507794573368344, 0.8502590305868994, 0.8519385896435077, 0.8518321387173846, 0.8522697703025572, 0.8536063208194355, 0.8542331984954936, 0.8535826650580749, 0.8531450334729023, 0.8544697561091004, 0.8541858869727722, 0.855049322262437, 0.8545762070352234, 0.8543751330636576, 0.8556170605350933, 0.854942871336314, 0.8543396494216167, 0.8565278073474795, 0.8552503962340028, 0.856232110330471, 0.8555815768930523, 0.8558772739100607, 0.8579708087904809, 0.8571428571428571, 0.8566460861542828, 0.8579944645518416, 0.8575686608473494, 0.8580654318359237, 0.8573321032337425, 0.8580536039552433, 0.8585503749438176, 0.8585858585858586, 0.8584439240176945, 0.8586449979892603, 0.8592837035459986, 0.8587159652733424, 0.858739621034703, 0.8581955385234074, 0.8589288671255885, 0.8596030563243678, 0.860584770420836, 0.860655737704918, 0.8616256239207059, 0.8593901544721216, 0.8596148842050482, 0.8602535897617865, 0.859993376386819, 0.8602181061197455, 0.8591181132164739, 0.8596976793698106, 0.8591181132164739, 0.8617202469661486, 0.8601471388356634, 0.86106971352873, 0.8609277789605658, 0.8611406808128119, 0.8609869183639676],